﻿<?xml version="1.0" encoding="utf-8" ?>
<c2eventsheet>
    <!--All the 'name' attributes are ignored by Construct 2 - they are there for readability only.-->
    <name>mainarcade</name>
    <events>
        <variable constant="0" name="level" sid="299711959903651" static="0" type="number">0</variable>
        <event-block sid="825043235658037">
            <conditions>
                <condition id="-2" name="On start of layout" sid="151914005055614" type="System" />
            </conditions>
            <actions>
                <action id="-5" name="Scroll to X" sid="900526820160912" type="System">
                    <param id="0" name="X">360</param>
                </action>
                <action id="-6" name="Scroll to Y" sid="887957004775986" type="System">
                    <param id="0" name="Y">640</param>
                </action>
            </actions>
            <sub-events>
                <event-block sid="437976455746352">
                    <conditions>
                        <condition id="-7" name="Compare instance variable" sid="945009737834861" type="MA_btn_level_lo">
                            <param id="0" name="Instance variable">lev</param>
                            <param id="1" name="Comparison">3</param>
                            <param id="2" name="Value">level</param>
                        </condition>
                    </conditions>
                    <actions>
                        <action id="5" name="Set frame" sid="237358763398868" type="MA_btn_level_lo">
                            <param id="0" name="Frame number">0</param>
                        </action>
                        <action id="0" name="Spawn another object" sid="781575422409904" type="MA_btn_level_lo">
                            <param id="0" name="Object">MA_level_text</param>
                            <param id="1" name="Layer">&quot;Layer 0&quot;</param>
                            <param id="2" name="Image point">0</param>
                        </action>
                        <action id="0" name="Set text" sid="104500876810724" type="MA_level_text">
                            <param id="0" name="Text">MA_btn_level_lo.lev</param>
                        </action>
                    </actions>
                </event-block>
                <event-block sid="524045044443849">
                    <conditions>
                        <condition id="-7" name="Compare instance variable" sid="713781368488499" type="MA_btn_level_lo">
                            <param id="0" name="Instance variable">lev</param>
                            <param id="1" name="Comparison">4</param>
                            <param id="2" name="Value">level</param>
                        </condition>
                    </conditions>
                    <actions>
                        <action id="5" name="Set frame" sid="246059388014226" type="MA_btn_level_lo">
                            <param id="0" name="Frame number">1</param>
                        </action>
                    </actions>
                </event-block>
            </sub-events>
        </event-block>
        <event-block sid="275160199963330">
            <conditions>
                <condition id="4" name="Is touching object" sid="493107624823240" type="Touch">
                    <param id="0" name="Object">ma_back</param>
                </condition>
            </conditions>
            <actions>
                <action id="-25" name="Go to layout (by name)" sid="119399277094333" type="System">
                    <param id="0" name="Layout">&quot;mainmenu&quot;</param>
                </action>
            </actions>
        </event-block>
        <event-block sid="311397395589997">
            <conditions>
                <condition id="17" name="On tap object" sid="328176565963122" type="Touch">
                    <param id="0" name="Object">MA_btn_level_lo</param>
                </condition>
                <condition id="3" name="Compare frame" sid="878779597899424" type="MA_btn_level_lo">
                    <param id="0" name="Comparison">0</param>
                    <param id="1" name="Number">0</param>
                </condition>
            </conditions>
            <actions>
                <action id="-25" name="Go to layout (by name)" sid="566388621828487" type="System">
                    <param id="0" name="Layout">str(MA_btn_level_lo.lev)</param>
                </action>
                <action id="-9" name="Set value" sid="960026580790000" type="System">
                    <param id="0" name="Variable">arcade</param>
                    <param id="1" name="Value">1</param>
                </action>
                <action id="-9" name="Set value" sid="363251565730419" type="System">
                    <param id="0" name="Variable">clevel</param>
                    <param id="1" name="Value">MA_btn_level_lo.lev</param>
                </action>
                <action id="-9" name="Set value" sid="147511782019329" type="System">
                    <param id="0" name="Variable">finish</param>
                    <param id="1" name="Value">0</param>
                </action>
            </actions>
        </event-block>
    </events>
</c2eventsheet>
